År;Kvartal;Befolkningsförändring_Kvartal;Befolkningsförändring_R12;Befolkningsförändring_Prognos;Befolkningsförändring_Polaritet;Befolkningsförändring_Troskel;Befolkningsförändring_Kvartal_Riket;Befolkningsförändring_R12_Riket;Födda_barn_Kvartal;Födda_barn_R12;Födda_barn_Prognos;Födda_barn_Polaritet;Födda_barn_Troskel;Födda_barn_Kvartal_Riket;Födda_barn_R12_Riket;Döda_Kvartal;Döda_R12;Döda_Prognos;Döda_Polaritet;Döda_Troskel;Döda_Kvartal_Riket;Döda_R12_Riket;Inflyttning_Kvartal;Inflyttning_R12;Inflyttning_Prognos;Inflyttning_Polaritet;Inflyttning_Troskel;Inflyttning_Kvartal_Riket;Inflyttning_R12_Riket;Utflyttning_Kvartal;Utflyttning_R12;Utflyttning_Prognos;Utflyttning_Polaritet;Utflyttning_Troskel;Utflyttning_Kvartal_Riket;Utflyttning_R12_Riket;Befolkning_Kvartal;Befolkning_R12;Befolkning_Prognos;Befolkning_Polaritet;Befolkning_Troskel;Befolkning_Kvartal_Riket;Befolkning_R12_Riket;;;;;;;
2020;1;274;1826;1840;Hög;100;15814;88301;447;1845;1890;Hög;75;28262;114517;340;1206;1250;Låg;50;24442;89173;2046;9561;9400;Hög;200;20828;99910;1887;8419;8200;Låg;200;12001;47877;163325;163325;164890;Hög;3%;10343403;10343403;;;;;;;
2020;2;-244;1710;1840;Hög;100;8987;71201;456;1779;1890;Hög;75;29991;114160;364;1324;1250;Låg;50;26844;94931;1704;9575;9400;Hög;200;12607;88295;2041;8360;8200;Låg;200;8971;46468;163081;163081;164890;Hög;3%;10352390;10352390;;;;;;;
2020;3;1392;1716;1840;Hög;100;20835;59778;495;1806;1890;Hög;75;29388;113499;243;1264;1250;Låg;50;20775;94931;3990;9553;9400;Hög;200;25059;79196;2862;8424;8200;Låg;200;13516;46583;164473;164473;164890;Hög;3%;10373225;10373225;;;;;;;
2020;4;143;1565;1840;Hög;100;6070;51706;388;1786;1890;Hög;75;25401;113042;387;1334;1250;Låg;50;25688;97749;1874;9614;9400;Hög;200;15085;73579;1846;8636;8200;Låg;200;13388;47876;164616;164616;164890;Hög;3%;10379295;10379295;;;;;;;
2021;1;68;1359;1320;Hög;100;10511;46403;454;1793;1830;Hög;75;28097;112877;348;1342;1230;Låg;50;25538;98845;1808;9376;8760;Hög;200;12982;65733;1977;8726;8050;Låg;200;11907;47782;164684;164684;165930;Hög;3%;10389806;10389806;;;;;;;
2021;2;-441;1162;1320;Hög;100;19442;56858;496;1833;1830;Hög;75;30344;113230;267;1245;1230;Låg;50;21118;93119;1580;9252;8760;Hög;200;13921;67047;2340;9025;8050;Låg;200;10984;49795;164243;164243;165930;Hög;3%;10409248;10409248;;;;;;;
2021;3;1165;935;1320;Hög;100;26199;62222;465;1803;1830;Hög;75;29812;113654;312;1314;1230;Låg;50;21147;93491;4117;9379;8760;Hög;200;24433;66421;3213;9376;8050;Låg;200;13140;49419;165408;165408;165930;Hög;3%;10435447;10435447;;;;;;;
2021;4;119;911;1320;Hög;100;16879;73031;426;1841;1830;Hög;75;25949;114202;346;1273;1230;Låg;50;23715;91518;1885;9390;8760;Hög;200;17036;68372;2067;9597;8050;Låg;200;11411;47442;165527;165527;165930;Hög;3%;10452326;10452326;;;;;;;
2022;1;30;873;880;Hög;100;16156;78676;403;1790;1840;Hög;75;26644;112749;360;1285;1330;Låg;50;25453;91433;1935;9517;9950;Hög;200;18374;73764;2030;9650;9580;Låg;200;10522;46057;165557;165557;166410;Hög;3%;10468482;10468482;;;;;;;
2022;2;-524;790;880;Hög;100;19377;78611;422;1716;1840;Hög;75;27902;110307;267;1285;1330;Låg;50;21602;91917;1771;9708;9950;Hög;200;19362;79205;2449;9759;9580;Låg;200;10483;45556;165033;165033;166410;Hög;3%;10487859;10487859;;;;;;;
2022;3;1179;804;880;Hög;100;20810;73222;419;1670;1840;Hög;75;26968;107463;269;1242;1330;Låg;50;22266;93036;4200;9791;9950;Hög;200;27233;82005;3225;9771;9580;Låg;200;15711;48127;166212;166212;166410;Hög;3%;10508669;10508669;;;;;;;
2022;4;461;1146;880;Hög;100;12887;69230;365;1609;1840;Hög;75;23175;104689;349;1245;1330;Låg;50;25006;94327;2080;9986;9950;Hög;200;20366;85335;1751;9455;9580;Låg;200;12422;49138;166673;166673;166410;Hög;3%;10521556;10521556;;;;;;;
2023;1;250;1366;1360;Hög;100;11711;64785;393;1599;1640;Hög;75;24924;102969;349;1234;1270;Låg;50;24972;93846;2039;10090;10240;Hög;200;20440;87401;1864;9289;9240;Låg;200;12582;51198;166923;166923;168040;Hög;3%;10533267;10533267;;;;;;;
2023;2;-364;1526;1360;Hög;100;12043;57451;428;1605;1640;Hög;75;26652;101719;291;1258;1270;Låg;50;21871;94115;1816;10135;10240;Hög;200;19210;87249;2304;9144;9240;Låg;200;12271;52986;166559;166559;168040;Hög;3%;10545310;10545310;;;;;;;
2023;3;898;1245;1360;Hög;100;12512;49153;383;1569;1640;Hög;75;25670;100421;294;1283;1270;Låg;50;20938;92787;4070;10005;10240;Hög;200;31267;91283;3258;9177;9240;Låg;200;23356;60631;167457;167457;168040;Hög;3%;10557822;10557822;;;;;;;
2023;4;-53;731;1360;Hög;100;-6115;30151;352;1556;1640;Hög;75;22780;100026;326;1260;1270;Låg;50;26225;94006;1817;9742;10240;Hög;200;19190;90107;1878;9304;9240;Låg;200;20615;68824;167404;167404;168040;Hög;3%;10551707;10551707;;;;;;;
2024;1;68;549;950;Hög;100;-2885;15555;446;1609;1600;Hög;75;24622;99724;318;1229;1250;Låg;50;24234;93268;1921;9624;9930;Hög;200;18291;87958;1967;9407;9330;Låg;200;21076;77318;167472;167472;168350;Hög;3%;10548822;10548822;;;;;;;
2024;2;-705;208;950;Hög;100;4519;8031;411;1592;1600;Hög;75;25917;98989;274;1212;1250;Låg;50;21217;92614;1685;9493;9930;Hög;200;22800;91548;2516;9619;9330;Låg;200;22691;87738;166767;166767;168350;Hög;3%;10553341;10553341;;;;;;;
2024;3;1227;537;950;Hög;100;29235;24754;412;1621;1600;Hög;75;25474;98793;272;1190;1250;Låg;50;21637;93313;4440;9863;9930;Hög;200;45689;105970;3364;9725;9330;Låg;200;21131;85513;167994;167994;168350;Hög;3%;10582576;10582576;;;;;;;
2024;4;41;631;950;Hög;100;5134;36003;332;1601;1600;Hög;75;22419;98432;313;1177;1250;Låg;50;23803;90891;1802;9848;9930;Hög;200;26203;112983;1781;9628;9330;Låg;200;20291;85189;168035;168035;168350;Hög;3%;10587710;10587710;;;;;;;
2025;1;89;652;750;Hög;100;-12;38876;343;1498;1580;Hög;75;23906;97716;349;1208;1280;Låg;50;24828;91485;1959;9886;9720;Hög;200;18720;113412;1880;9541;9270;Låg;200;18676;82789;168124;168124;168780;Hög;3%;10587696;10587696;;;;;;;
2025;2;-685;672;750;Hög;100;4990;39347;436;1523;1580;Hög;75;25793;97592;307;1241;1280;Låg;50;22037;92305;1647;9848;9720;Hög;200;18050;108662;2449;9474;9270;Låg;200;16625;76723;167439;167439;168780;Hög;3%;10592686;10592686;;;;;;;
2025;3;1298;743;750;Hög;100;16774;26886;376;1487;1580;Hög;75;25689;97807;280;1249;1280;Låg;50;21335;92003;4476;9884;9720;Hög;200;32664;95637;3279;9389;9270;Låg;200;21104;76696;168737;168737;168780;Hög;3%;10609460;10609460;;;;;;;
2025;4;-24;678;750;Hög;100;-3931;17821;340;1495;1580;Hög;75;22086;97474;319;1255;1280;Låg;50;23599;91799;1842;9924;9720;Hög;200;16898;86332;1895;9503;9270;Låg;200;19947;76352;168713;168713;168780;Hög;3%;10605529;10605529;;;;;;;
